{
    "loss": 5.632977485656738,
    "accuracy": 0.6551724076271057
}