{
    "loss": 3.816568374633789,
    "accuracy": 0.8620689511299133
}