{
    "loss": 2.0553743839263916,
    "accuracy": 0.8965517282485962
}